"district","Mes","indicator","instrument1","instrument2","num1","num2","rate_ratio","lo","hi","data_quality","concordance_oldversion"
"Beira","Apr","Testados","LR","FB",4961,4654,0.938117315057448,0.901142386395729,0.976596809363067,"high",0.0618826849425519
"Beira","Feb","Testados","LR","FB",1360,4508,3.31470588235294,3.11897470050532,3.52448866023249,"low",-2.31470588235294
"Beira","Jul","Testados","LR","FB",2960,3499,1.18209459459459,1.1253063596876,1.24181142117139,"medium",-0.182094594594595
"Beira","Jun","Testados","LR","FB",3268,10,0.00305997552019584,0.00146598609352621,0.00563462900655024,"low",0.996940024479804
"Beira","Mar","Testados","LR","FB",1670,3538,2.1185628742515,1.9982283613111,2.24683737885609,"low",-1.1185628742515
"Beira","May","Testados","LR","FB",3752,4996,1.33155650319829,1.27609688273038,1.3895157089584,"low",-0.331556503198294
"Chimoio","Jul","Testados","LR","FB",6180,4705,0.761326860841424,0.732841248023712,0.790880951315393,"low",0.238673139158576
"Chimoio","Jun","Testados","LR","FB",2919,186,0.0637204522096608,0.0546445146880294,0.0739228352694033,"low",0.936279547790339
"Chimoio","Mar","Testados","LR","FB",3510,604,0.172079772079772,0.157585497329001,0.187652287727378,"low",0.827920227920228
"Chimoio","May","Testados","LR","FB",3104,32,0.0103092783505155,0.00703896186318061,0.0145844786896212,"low",0.989690721649485
"Dondo","Apr","Testados","LR","FB",2073,3462,1.67004341534009,1.58110957678488,1.76431226734844,"low",-0.670043415340087
"Dondo","Feb","Testados","LR","FB",1205,2722,2.25892116182573,2.11001879435961,2.41942899673593,"low",-1.25892116182573
"Dondo","Jul","Testados","LR","FB",1871,4972,2.6574024585783,2.51930986571572,2.80397440916526,"low",-1.6574024585783
"Dondo","Jun","Testados","LR","FB",2785,5333,1.9149012567325,1.82878815220834,2.00540292403057,"low",-0.914901256732496
"Dondo","Mar","Testados","LR","FB",1077,2493,2.31476323119777,2.15422693610435,2.48855256462486,"low",-1.31476323119777
"Dondo","May","Testados","LR","FB",1319,5702,4.32297194844579,4.07094969116713,4.5932110070544,"low",-3.32297194844579
"Gondola","Apr","Testados","LR","FB",4035,2942,0.72912019826518,0.695049853330696,0.764792250701874,"low",0.27087980173482
"Gondola","Feb","Testados","LR","FB",2131,924,0.433599249178789,0.400951016278086,0.46862267524955,"low",0.566400750821211
"Gondola","Mar","Testados","LR","FB",2246,2903,1.29252003561888,1.22283126852672,1.36631452940045,"low",-0.292520035618878
"Gondola","May","Testados","LR","FB",5517,2229,0.404023926046765,0.384459469528663,0.424473681705648,"low",0.595976073953235
"Manica","Apr","Testados","LR","FB",11004,3915,0.355779716466739,0.342950308911958,0.369030430973143,"low",0.644220283533261
"Manica","Feb","Testados","LR","FB",4106,3032,0.738431563565514,0.704344873496543,0.774103053077629,"low",0.261568436434486
"Manica","Jul","Testados","LR","FB",3352,1863,0.555787589498807,0.524902403468344,0.588353193748665,"low",0.444212410501193
"Manica","Jun","Testados","LR","FB",8644,3027,0.350185099490976,0.335875512687837,0.365028479360631,"low",0.649814900509024
"Manica","Mar","Testados","LR","FB",6812,3091,0.453758073987082,0.434735447105912,0.473532024167611,"low",0.546241926012918
"Manica","May","Testados","LR","FB",5977,3422,0.572528024092354,0.548811938503583,0.597196734491784,"low",0.427471975907646
"Nhamatanda","Apr","Testados","LR","FB",3753,4004,1.06687982946976,1.02015776695159,1.11575977594635,"high",-0.0668798294697575
"Nhamatanda","Feb","Testados","LR","FB",1876,1858,0.990405117270789,0.928364716256145,1.05658618738804,"high",0.00959488272921109
"Nhamatanda","Jul","Testados","LR","FB",2722,2342,0.860396767083027,0.813809320032026,0.909598312152224,"high",0.139603232916973
"Nhamatanda","Jun","Testados","LR","FB",2710,1376,0.507749077490775,0.475508216077237,0.541985997165938,"low",0.492250922509225
"Nhamatanda","Mar","Testados","LR","FB",2195,2395,1.09111617312073,1.0292888270187,1.15670031970546,"high",-0.0911161731207289
"Nhamatanda","May","Testados","LR","FB",3242,1616,0.498457742134485,0.469289458433102,0.529278442804352,"low",0.501542257865515
"Beira","Apr","Positivos","LR","FB",758,354,0.467018469656992,0.410490945197974,0.530522680814282,"low",0.532981530343008
"Beira","Feb","Positivos","LR","FB",219,615,2.80821917808219,2.40298465691911,3.29168989721306,"low",-1.80821917808219
"Beira","Jun","Positivos","LR","FB",722,816,1.13019390581717,1.02123938467252,1.25097165061842,"high",-0.130193905817175
"Beira","Mar","Positivos","LR","FB",168,615,3.66071428571429,3.08162528501627,4.3680917456761,"low",-2.66071428571429
"Beira","May","Positivos","LR","FB",689,478,0.693759071117562,0.616064837604317,0.780748495587636,"low",0.306240928882438
"Chimoio","Jul","Positivos","LR","FB",2121,2338,1.1023102310231,1.0389456779632,1.16958932210645,"high",-0.102310231023102
"Chimoio","Jun","Positivos","LR","FB",1317,101,0.0766894457099468,0.0620072730829613,0.0939435119908311,"low",0.923310554290053
"Chimoio","Mar","Positivos","LR","FB",1790,302,0.168715083798883,0.148852591524814,0.19069807147927,"low",0.831284916201117
"Chimoio","May","Positivos","LR","FB",1449,32,0.0220841959972395,0.0150480931525989,0.0313177157925143,"low",0.977915804002761
"Dondo","Apr","Positivos","LR","FB",664,1019,1.53463855421687,1.39035232154369,1.69478378982014,"low",-0.534638554216867
"Dondo","Feb","Positivos","LR","FB",502,479,0.954183266932271,0.840140027774333,1.08360242765563,"high",0.0458167330677291
"Dondo","Jul","Positivos","LR","FB",817,872,1.06731946144431,0.969055678580516,1.1756376402897,"high",-0.0673194614443084
"Dondo","Jun","Positivos","LR","FB",1236,2400,1.94174757281553,1.81221067535145,2.08134519114115,"low",-0.941747572815534
"Dondo","Mar","Positivos","LR","FB",358,141,0.393854748603352,0.321784848414173,0.47990612590049,"low",0.606145251396648
"Dondo","May","Positivos","LR","FB",569,2031,3.56942003514938,3.25091930147904,3.92405471010808,"low",-2.56942003514938
"Gondola","Apr","Positivos","LR","FB",3161,2230,0.705472951597596,0.667953515921214,0.745004011808928,"low",0.294527048402404
"Gondola","Feb","Positivos","LR","FB",1705,56,0.0328445747800587,0.0247046097052304,0.0428596027537132,"low",0.967155425219941
"Gondola","Mar","Positivos","LR","FB",1601,971,0.606495940037477,0.559445599755391,0.657240348843269,"low",0.393504059962523
"Gondola","May","Positivos","LR","FB",4313,1869,0.433341061905866,0.410229178805335,0.457619846113534,"low",0.566658938094134
"Manica","Apr","Positivos","LR","FB",3398,262,0.0771041789287816,0.0677382093079664,0.0874534789602944,"low",0.922895821071218
"Manica","Feb","Positivos","LR","FB",318,183,0.575471698113208,0.477130805741934,0.692412001197158,"low",0.424528301886792
"Manica","Jul","Positivos","LR","FB",938,243,0.259061833688699,0.224041648035306,0.298627960440778,"low",0.740938166311301
"Manica","Jun","Positivos","LR","FB",4595,2454,0.534058759521219,0.508312545273317,0.561005520178731,"low",0.465941240478781
"Manica","Mar","Positivos","LR","FB",1843,210,0.113944655453066,0.0983129272683868,0.131495526416166,"low",0.886055344546934
"Manica","May","Positivos","LR","FB",3270,53,0.0162079510703364,0.0121144604760372,0.0212532034913917,"low",0.983792048929664
"Nhamatanda","Apr","Positivos","LR","FB",1105,1160,1.04977375565611,0.965914353878904,1.14096210515302,"high",-0.0497737556561086
"Nhamatanda","Feb","Positivos","LR","FB",651,621,0.953917050691244,0.853221496371026,1.0664171914748,"high",0.0460829493087558
"Nhamatanda","Jul","Positivos","LR","FB",1093,1009,0.923147301006404,0.846599160989326,1.00654090377812,"high",0.0768526989935956
"Nhamatanda","Jun","Positivos","LR","FB",1199,397,0.331109257714762,0.294838993569057,0.371212974096633,"low",0.668890742285238
"Nhamatanda","Mar","Positivos","LR","FB",544,152,0.279411764705882,0.231869593851298,0.335050601756152,"low",0.720588235294118
"Nhamatanda","May","Positivos","LR","FB",1417,717,0.505998588567396,0.461883513899583,0.553948384354416,"low",0.494001411432604
"Beira","Apr","Tratados_ACTs","LR","FB",756,408,0.53968253968254,0.477285587719997,0.609543663790349,"low",0.46031746031746
"Beira","Feb","Tratados_ACTs","LR","FB",216,598,2.76851851851852,2.36568657699029,3.24978098860746,"low",-1.76851851851852
"Beira","Jul","Tratados_ACTs","LR","FB",433,519,1.1986143187067,1.05302054331719,1.36486626325286,"high",-0.198614318706697
"Beira","Jun","Tratados_ACTs","LR","FB",711,7,0.00984528832630099,0.00394394989817316,0.0203910742361627,"low",0.990154711673699
"Beira","Mar","Tratados_ACTs","LR","FB",164,352,2.14634146341463,1.77828905530039,2.59935720330285,"low",-1.14634146341463
"Beira","May","Tratados_ACTs","LR","FB",686,802,1.16909620991254,1.05448091613342,1.29644225534838,"high",-0.169096209912536
"Chimoio","Apr","Tratados_ACTs","LR","FB",2022,32,0.0158259149357072,0.0107953320214692,0.0224141393412374,"low",0.984174085064293
"Chimoio","Jul","Tratados_ACTs","LR","FB",1469,2233,1.52008168822328,1.42257600959511,1.62464137533764,"low",-0.520081688223281
"Chimoio","Jun","Tratados_ACTs","LR","FB",1298,99,0.076271186440678,0.0615332961493317,0.0936179264577226,"low",0.923728813559322
"Chimoio","Mar","Tratados_ACTs","LR","FB",1414,412,0.291371994342291,0.26045669816626,0.325395544584384,"low",0.708628005657709
"Dondo","Apr","Tratados_ACTs","LR","FB",664,1030,1.55120481927711,1.40566550172451,1.71272553406513,"low",-0.551204819277108
"Dondo","Feb","Tratados_ACTs","LR","FB",507,517,1.01972386587771,0.900400137089696,1.15490516406265,"high",-0.019723865877712
"Dondo","Jun","Tratados_ACTs","LR","FB",396,1264,3.19191919191919,2.84897046530151,3.58237996707432,"low",-2.19191919191919
"Dondo","Mar","Tratados_ACTs","LR","FB",356,560,1.57303370786517,1.37487102356435,1.80162560617478,"low",-0.573033707865168
"Dondo","May","Tratados_ACTs","LR","FB",569,1669,2.93321616871705,2.66538092241055,3.23168669484996,"low",-1.93321616871705
"Gondola","Apr","Tratados_ACTs","LR","FB",3444,140,0.040650406504065,0.0340818946691145,0.0481433272696176,"low",0.959349593495935
"Gondola","Feb","Tratados_ACTs","LR","FB",2538,53,0.0208825847123719,0.0155987182608305,0.0274025360417128,"low",0.979117415287628
"Gondola","May","Tratados_ACTs","LR","FB",4385,14,0.0031927023945268,0.00174401992339468,0.00536260836200681,"low",0.996807297605473
"Manica","Apr","Tratados_ACTs","LR","FB",6772,2099,0.309952746603662,0.295002698525243,0.325556420670595,"low",0.690047253396338
"Manica","Feb","Tratados_ACTs","LR","FB",3165,2046,0.646445497630332,0.611186544971353,0.683623333074271,"low",0.353554502369668
"Manica","Jul","Tratados_ACTs","LR","FB",337,1283,3.80712166172107,3.37408353455083,4.30521325333657,"low",-2.80712166172107
"Manica","Jun","Tratados_ACTs","LR","FB",2656,750,0.282379518072289,0.260050980530981,0.306335597740416,"low",0.717620481927711
"Manica","Mar","Tratados_ACTs","LR","FB",4024,2098,0.521371769383698,0.494333230595241,0.549767117938134,"low",0.478628230616302
"Nhamatanda","Apr","Tratados_ACTs","LR","FB",1082,1127,1.04158964879852,0.957372681719355,1.13325626346824,"high",-0.0415896487985213
"Nhamatanda","Feb","Tratados_ACTs","LR","FB",610,990,1.62295081967213,1.46571785634508,1.79817917207972,"low",-0.622950819672131
"Nhamatanda","Jul","Tratados_ACTs","LR","FB",1017,933,0.91740412979351,0.838505869190241,1.00363812714193,"high",0.0825958702064897
"Nhamatanda","Jun","Tratados_ACTs","LR","FB",1112,340,0.305755395683453,0.269985128507078,0.345552978886459,"low",0.694244604316547
"Nhamatanda","Mar","Tratados_ACTs","LR","FB",504,385,0.763888888888889,0.667235953396232,0.873999142072887,"medium",0.236111111111111
"Nhamatanda","May","Tratados_ACTs","LR","FB",1394,669,0.479913916786227,0.436997470849919,0.52663827458672,"low",0.520086083213773
"Beira","Apr","Testados","LR","RMUS",202,983,4.86633663366337,4.17847163837014,5.69028510521306,"low",-3.86633663366337
"Beira","Feb","Testados","LR","RMUS",1532,4903,3.20039164490862,3.02132702896123,3.39155383459355,"low",-2.20039164490862
"Beira","Jul","Testados","LR","RMUS",2960,3904,1.31891891891892,1.25707382776206,1.38391641797418,"low",-0.318918918918919
"Beira","Jun","Testados","LR","RMUS",848,1199,1.41391509433962,1.29379638698446,1.54571465344908,"low",-0.413915094339623
"Beira","Mar","Testados","LR","RMUS",1670,4358,2.60958083832335,2.46587792631092,2.76265329635701,"low",-1.60958083832335
"Beira","May","Testados","LR","RMUS",4372,5250,1.20082342177493,1.15336855689252,1.25027705422803,"medium",-0.200823421774931
"Chimoio","Apr","Testados","LR","RMUS",11644,14102,1.2110958433528,1.18165054911321,1.24129270561453,"medium",-0.2110958433528
"Chimoio","Feb","Testados","LR","RMUS",11998,11720,0.976829471578596,0.952197029943265,1.00209722963877,"high",0.0231705284214036
"Chimoio","Jul","Testados","LR","RMUS",6180,8560,1.38511326860841,1.34037268183531,1.43140930880638,"low",-0.385113268608414
"Chimoio","Jun","Testados","LR","RMUS",9235,9958,1.07828911748782,1.04808014105322,1.10937719631396,"high",-0.0782891174878181
"Chimoio","Mar","Testados","LR","RMUS",9813,11911,1.21379802303067,1.18169459271232,1.24679511194016,"medium",-0.213798023030674
"Chimoio","May","Testados","LR","RMUS",9479,11511,1.21436860428315,1.18169842008615,1.24796434291049,"medium",-0.214368604283152
"Dondo","Apr","Testados","LR","RMUS",4868,9757,2.00431388660641,1.93635026583912,2.07486889834341,"low",-1.00431388660641
"Dondo","Feb","Testados","LR","RMUS",3207,5070,1.58091674462114,1.51222826580719,1.65290875166753,"low",-0.580916744621141
"Dondo","Jul","Testados","LR","RMUS",1871,2419,1.29289150187066,1.21667657144017,1.37404326732242,"low",-0.292891501870657
"Dondo","Jun","Testados","LR","RMUS",2785,5536,1.98779174147217,1.89896257838118,2.08113626899974,"low",-0.987791741472172
"Dondo","Mar","Testados","LR","RMUS",2612,6024,2.3062787136294,2.20240169615094,2.41556322152895,"low",-1.3062787136294
"Dondo","May","Testados","LR","RMUS",3829,8750,2.28519195612431,2.19977636563419,2.3742610651724,"low",-1.28519195612431
"Gondola","Apr","Testados","LR","RMUS",1359,1227,0.902869757174393,0.83512127511468,0.976038109446513,"high",0.0971302428256071
"Gondola","Feb","Testados","LR","RMUS",224,1611,7.19196428571429,6.25014166687554,8.30812093290573,"low",-6.19196428571429
"Gondola","Jul","Testados","LR","RMUS",596,995,1.66946308724832,1.5067752239905,1.8509588756472,"low",-0.669463087248322
"Gondola","Jun","Testados","LR","RMUS",1027,1182,1.15092502434275,1.05771128781073,1.25251163328781,"high",-0.150925024342746
"Gondola","Mar","Testados","LR","RMUS",567,1056,1.86243386243386,1.68015833817441,2.0661676167662,"low",-0.862433862433862
"Gondola","May","Testados","LR","RMUS",1002,1856,1.85229540918164,1.71437205471277,2.00222084192836,"low",-0.852295409181637
"Manica","Apr","Testados","LR","RMUS",11004,12902,1.17248273355144,1.14294999268365,1.20279400675032,"medium",-0.172482733551436
"Manica","Feb","Testados","LR","RMUS",3581,3759,1.04970678581402,1.00247968000318,1.09917287339555,"high",-0.0497067858140184
"Manica","Jul","Testados","LR","RMUS",626,2068,3.30351437699681,3.01948518311481,3.61825619720223,"low",-2.30351437699681
"Manica","Jun","Testados","LR","RMUS",3677,2908,0.790862115855317,0.753057450609178,0.830506607858662,"medium",0.209137884144683
"Manica","Mar","Testados","LR","RMUS",3350,3251,0.97044776119403,0.924447998545612,1.01872743919483,"high",0.0295522388059701
"Manica","May","Testados","LR","RMUS",5977,6868,1.149071440522,1.10975317135066,1.18980765356162,"medium",-0.149071440522001
"Muanza","Apr","Testados","LR","RMUS",264,266,1.00757575757576,0.846611688282833,1.19917876172197,"high",-0.00757575757575758
"Muanza","Jul","Testados","LR","RMUS",392,689,1.75765306122449,1.55042171029194,1.99479565969592,"low",-0.75765306122449
"Muanza","Jun","Testados","LR","RMUS",787,1055,1.34053367217281,1.22115637714968,1.4720529041429,"low",-0.340533672172808
"Muanza","Mar","Testados","LR","RMUS",34,120,3.52941176470588,2.39427301249036,5.32900221332529,"low",-2.52941176470588
"Muanza","May","Testados","LR","RMUS",655,1093,1.66870229007634,1.51327773817135,1.84121121335429,"low",-0.668702290076336
"Nhamatanda","Apr","Testados","LR","RMUS",3753,3984,1.06155075939249,1.01500596098244,1.11024657605142,"high",-0.061550759392486
"Nhamatanda","Feb","Testados","LR","RMUS",1876,2324,1.23880597014925,1.16518812626243,1.31720737834599,"medium",-0.238805970149254
"Nhamatanda","Jul","Testados","LR","RMUS",2722,2342,0.860396767083027,0.813809320032026,0.909598312152224,"high",0.139603232916973
"Nhamatanda","Jun","Testados","LR","RMUS",2710,3443,1.27047970479705,1.20776442193976,1.33655367717203,"low",-0.270479704797048
"Nhamatanda","Mar","Testados","LR","RMUS",2195,2111,0.961731207289294,0.905522727090631,1.02141062321551,"high",0.0382687927107061
"Nhamatanda","May","Testados","LR","RMUS",3242,3667,1.13109191856878,1.07859643772434,1.18618352901917,"high",-0.131091918568785
"Beira","Apr","Positivos","LR","RMUS",41,65,1.58536585365854,1.05625070315568,2.40415424087777,"high",-0.585365853658537
"Beira","Feb","Positivos","LR","RMUS",219,603,2.75342465753425,2.35507203698268,3.22876153103889,"low",-1.75342465753425
"Beira","Jul","Positivos","LR","RMUS",434,540,1.24423963133641,1.09451445636986,1.41509312540852,"high",-0.244239631336406
"Beira","Jun","Positivos","LR","RMUS",282,458,1.6241134751773,1.39712800140007,1.89060582664052,"low",-0.624113475177305
"Beira","Mar","Positivos","LR","RMUS",168,352,2.0952380952381,1.73856809060566,2.53325649746474,"low",-1.0952380952381
"Beira","May","Positivos","LR","RMUS",856,907,1.05957943925234,0.964030673004834,1.16467444273,"high",-0.0595794392523364
"Chimoio","Apr","Positivos","LR","RMUS",5399,8908,1.64993517318022,1.59491057504666,1.70697818808436,"low",-0.649935173180219
"Chimoio","Feb","Positivos","LR","RMUS",7030,7977,1.13470839260313,1.09876558203047,1.1718460244932,"high",-0.134708392603129
"Chimoio","Jul","Positivos","LR","RMUS",2121,2382,1.12305516265912,1.05878034333673,1.19129196909657,"high",-0.123055162659123
"Chimoio","Jun","Positivos","LR","RMUS",4010,4244,1.05835411471322,1.01340390334603,1.10531284551602,"high",-0.058354114713217
"Chimoio","Mar","Positivos","LR","RMUS",4407,6861,1.5568413886998,1.4988161267823,1.61723984188968,"low",-0.556841388699796
"Chimoio","May","Positivos","LR","RMUS",4051,5530,1.36509503826216,1.31063103400836,1.42191313920007,"low",-0.365095038262158
"Dondo","Apr","Positivos","LR","RMUS",1464,4174,2.85109289617486,2.68565071742634,3.02803829094588,"low",-1.85109289617486
"Dondo","Feb","Positivos","LR","RMUS",1445,2656,1.83806228373702,1.72333666925745,1.96103119319855,"low",-0.838062283737024
"Dondo","Jul","Positivos","LR","RMUS",817,1067,1.30599755201958,1.19113760689459,1.43234102448167,"medium",-0.305997552019584
"Dondo","Jun","Positivos","LR","RMUS",1236,2576,2.08414239482201,1.94672072405055,2.23218631383439,"low",-1.08414239482201
"Dondo","Mar","Positivos","LR","RMUS",847,1959,2.31286894923259,2.13266445992211,2.50996069803966,"low",-1.31286894923259
"Dondo","May","Positivos","LR","RMUS",1591,3052,1.91829038340666,1.80488285070525,2.03942343996225,"low",-0.918290383406662
"Gondola","Apr","Positivos","LR","RMUS",919,720,0.783460282916213,0.709655943664458,0.864681251050478,"medium",0.216539717083787
"Gondola","Feb","Positivos","LR","RMUS",174,569,3.27011494252874,2.75472757014434,3.89794407974767,"low",-2.27011494252874
"Gondola","Jul","Positivos","LR","RMUS",563,601,1.06749555950266,0.94998121344158,1.19968198623469,"high",-0.0674955595026643
"Gondola","Jun","Positivos","LR","RMUS",986,274,0.27789046653144,0.242184159596667,0.318010086867034,"low",0.72210953346856
"Gondola","Mar","Positivos","LR","RMUS",326,582,1.78527607361963,1.55622636434229,2.05084459050733,"low",-0.785276073619632
"Gondola","May","Positivos","LR","RMUS",855,993,1.16140350877193,1.05884261872618,1.27410418589443,"high",-0.16140350877193
"Manica","Apr","Positivos","LR","RMUS",6999,8170,1.16730961565938,1.13049563004863,1.20534620206065,"medium",-0.16730961565938
"Manica","Feb","Positivos","LR","RMUS",2874,3031,1.05462769659012,1.00182910562563,1.11022835171078,"high",-0.0546276965901183
"Manica","Jul","Positivos","LR","RMUS",337,1319,3.91394658753709,3.47001496210612,4.42450377960998,"low",-2.91394658753709
"Manica","Jun","Positivos","LR","RMUS",2659,1937,0.728469349379466,0.686689124746418,0.772685837902229,"low",0.271530650620534
"Manica","Mar","Positivos","LR","RMUS",2207,2319,1.05074762120526,0.990827183840375,1.1143155637264,"high",-0.050747621205256
"Manica","May","Positivos","LR","RMUS",3270,4525,1.38379204892966,1.32262623249287,1.44790559637389,"low",-0.383792048929664
"Muanza","Apr","Positivos","LR","RMUS",183,186,1.01639344262295,0.824286819870794,1.25338795295666,"high",-0.0163934426229508
"Muanza","Jul","Positivos","LR","RMUS",184,295,1.60326086956522,1.32914454610336,1.93802398951906,"low",-0.603260869565217
"Muanza","Jun","Positivos","LR","RMUS",475,647,1.36210526315789,1.20810509078279,1.53660145452577,"low",-0.362105263157895
"Muanza","Mar","Positivos","LR","RMUS",20,70,3.5,2.10436747806192,6.07529322390652,"low",-2.5
"Muanza","May","Positivos","LR","RMUS",296,507,1.71283783783784,1.48113278427178,1.98362983815696,"low",-0.712837837837838
"Nhamatanda","Apr","Positivos","LR","RMUS",1105,1139,1.03076923076923,0.948062378340028,1.12072117309815,"high",-0.0307692307692308
"Nhamatanda","Feb","Positivos","LR","RMUS",55,60,1.09090909090909,0.743928337391291,1.60246989119924,"high",-0.0909090909090909
"Nhamatanda","Jul","Positivos","LR","RMUS",1093,1002,0.916742909423605,0.840589484496833,0.999713232124344,"high",0.0832570905763952
"Nhamatanda","Jun","Positivos","LR","RMUS",1199,1488,1.24103419516264,1.14936201284752,1.34023194228264,"medium",-0.241034195162636
"Nhamatanda","Mar","Positivos","LR","RMUS",58,58,1,0.682792631737893,1.46457350814511,"high",0
"Nhamatanda","May","Positivos","LR","RMUS",1417,1563,1.1030345800988,1.02585762488368,1.18609454968341,"high",-0.1030345800988
"Beira","Apr","Tratados_ACTs","LR","RMUS",41,279,6.80487804878049,4.89001318839853,9.6910257077805,"low",-5.80487804878049
"Beira","Feb","Tratados_ACTs","LR","RMUS",285,760,2.66666666666667,2.32421181041455,3.06639900660676,"low",-1.66666666666667
"Beira","Jul","Tratados_ACTs","LR","RMUS",433,525,1.21247113163972,1.06557154701619,1.38018676182966,"high",-0.212471131639723
"Beira","Jun","Tratados_ACTs","LR","RMUS",284,458,1.61267605633803,1.38773778589444,1.87663642154028,"low",-0.612676056338028
"Beira","Mar","Tratados_ACTs","LR","RMUS",164,337,2.05487804878049,1.70006793638569,2.49184087571885,"low",-1.05487804878049
"Beira","May","Tratados_ACTs","LR","RMUS",852,1099,1.28990610328638,1.17843666200175,1.41228902590691,"medium",-0.289906103286385
"Chimoio","Apr","Tratados_ACTs","LR","RMUS",5426,7824,1.44194618503502,1.39269226913832,1.49302334953173,"low",-0.441946185035017
"Chimoio","Feb","Tratados_ACTs","LR","RMUS",6703,7577,1.1303893778905,1.09369847449597,1.16833054421105,"high",-0.130389377890497
"Chimoio","Jul","Tratados_ACTs","LR","RMUS",1469,2253,1.53369639210347,1.43548965882566,1.6390022321862,"low",-0.533696392103472
"Chimoio","Jun","Tratados_ACTs","LR","RMUS",3984,3554,0.892068273092369,0.852385139328831,0.933571376197675,"high",0.107931726907631
"Chimoio","Mar","Tratados_ACTs","LR","RMUS",4034,6920,1.71541893901834,1.64985210548021,1.78376970573912,"low",-0.715418939018344
"Chimoio","May","Tratados_ACTs","LR","RMUS",3999,5027,1.25706426606652,1.20568589327135,1.31069691888412,"low",-0.257064266066517
"Dondo","Apr","Tratados_ACTs","LR","RMUS",1457,4162,2.85655456417296,2.69044907825437,3.03423727823135,"low",-1.85655456417296
"Dondo","Feb","Tratados_ACTs","LR","RMUS",1433,2616,1.82554082344731,1.71099583852957,1.94835624940976,"low",-0.825540823447313
"Dondo","Jul","Tratados_ACTs","LR","RMUS",815,1048,1.28588957055215,1.17228509471793,1.41088540469231,"medium",-0.285889570552147
"Dondo","Jun","Tratados_ACTs","LR","RMUS",1242,3140,2.52818035426731,2.366652064318,2.70202166425257,"low",-1.52818035426731
"Dondo","Mar","Tratados_ACTs","LR","RMUS",844,1955,2.31635071090047,2.13560615594741,2.51406347008225,"low",-1.31635071090047
"Dondo","May","Tratados_ACTs","LR","RMUS",1682,3186,1.89417360285375,1.78495245349321,2.01062905792518,"low",-0.894173602853746
"Gondola","Apr","Tratados_ACTs","LR","RMUS",978,720,0.736196319018405,0.667713005517324,0.811407607177365,"medium",0.263803680981595
"Gondola","Feb","Tratados_ACTs","LR","RMUS",744,569,0.764784946236559,0.684491566224319,0.854143257570466,"medium",0.235215053763441
"Gondola","Jul","Tratados_ACTs","LR","RMUS",563,601,1.06749555950266,0.94998121344158,1.19968198623469,"high",-0.0674955595026643
"Gondola","Jun","Tratados_ACTs","LR","RMUS",983,818,0.832146490335707,0.757500668655187,0.913961726597618,"high",0.167853509664293
"Gondola","Mar","Tratados_ACTs","LR","RMUS",770,582,0.755844155844156,0.677531649870019,0.842854400863931,"medium",0.244155844155844
"Gondola","May","Tratados_ACTs","LR","RMUS",977,993,1.01637666325486,0.929520149348718,1.11136742042888,"high",-0.0163766632548618
"Manica","Apr","Tratados_ACTs","LR","RMUS",6772,5883,0.868724158298878,0.838759516586036,0.899739918263086,"medium",0.131275841701122
"Manica","Feb","Tratados_ACTs","LR","RMUS",2872,2967,1.03307799442897,0.981080307973103,1.0878433791943,"high",-0.0330779944289694
"Manica","Jul","Tratados_ACTs","LR","RMUS",337,1283,3.80712166172107,3.37408353455083,4.30521325333657,"low",-2.80712166172107
"Manica","Jun","Tratados_ACTs","LR","RMUS",2656,1844,0.694277108433735,0.653877305791798,0.73705363170569,"low",0.305722891566265
"Manica","Mar","Tratados_ACTs","LR","RMUS",2198,2308,1.05004549590537,0.990035608208715,1.11371639322355,"high",-0.0500454959053685
"Manica","May","Tratados_ACTs","LR","RMUS",3522,4407,1.25127768313458,1.19678435405802,1.30832456970024,"medium",-0.251277683134583
"Muanza","Apr","Tratados_ACTs","LR","RMUS",183,186,1.01639344262295,0.824286819870794,1.25338795295666,"high",-0.0163934426229508
"Muanza","Jul","Tratados_ACTs","LR","RMUS",151,295,1.95364238410596,1.60034320485948,2.39300982147812,"low",-0.95364238410596
"Muanza","Jun","Tratados_ACTs","LR","RMUS",475,608,1.28,1.13335781780709,1.44628650938821,"medium",-0.28
"Muanza","Mar","Tratados_ACTs","LR","RMUS",20,70,3.5,2.10436747806192,6.07529322390652,"low",-2.5
"Muanza","May","Tratados_ACTs","LR","RMUS",222,301,1.35585585585586,1.13621654426497,1.6199319796157,"medium",-0.355855855855856
"Nhamatanda","Apr","Tratados_ACTs","LR","RMUS",1082,1145,1.05822550831793,0.972990037549728,1.15098560920432,"high",-0.0582255083179298
"Nhamatanda","Feb","Tratados_ACTs","LR","RMUS",610,709,1.16229508196721,1.04158202953163,1.29729535474392,"high",-0.162295081967213
"Nhamatanda","Jul","Tratados_ACTs","LR","RMUS",1017,899,0.883972468043264,0.807212470779494,0.967907846551496,"high",0.116027531956735
"Nhamatanda","Jun","Tratados_ACTs","LR","RMUS",1112,1488,1.33812949640288,1.23726574237477,1.44754011062933,"low",-0.338129496402878
"Nhamatanda","Mar","Tratados_ACTs","LR","RMUS",504,525,1.04166666666667,0.920058693655308,1.17944244815486,"high",-0.0416666666666667
"Nhamatanda","May","Tratados_ACTs","LR","RMUS",1394,1566,1.12338593974175,1.04449599661997,1.20832798285952,"high",-0.12338593974175
"Gondola","Jul","Obitos","LR","RMUS",3,2,0.666666666666667,0.0556818890072143,5.81975657896078,"high",0.333333333333333
"Gondola","Jun","Obitos","LR","RMUS",4,1,0.25,0.00507640309029595,2.52631610868175,"high",0.75
"Gondola","Mar","Obitos","LR","RMUS",6,3,0.5,0.0809112102399224,2.34118449087655,"high",0.5
"Manica","Jun","Obitos","LR","RMUS",1,1,1,0.0127393670836666,78.4968353162628,"high",0
"Manica","May","Obitos","LR","RMUS",2,1,0.5,0.00847498034911153,9.60452988472286,"high",0.5
"Muanza","May","Obitos","LR","RMUS",4,3,0.75,0.109863474663122,4.43325988918238,"high",0.25
"Nhamatanda","Apr","Obitos","LR","RMUS",1,4,4,0.395833283318533,196.989872989321,"high",-3
"Nhamatanda","Jul","Obitos","LR","RMUS",1,1,1,0.0127393670836666,78.4968353162628,"high",0
"Nhamatanda","Jun","Obitos","LR","RMUS",1,1,1,0.0127393670836666,78.4968353162628,"high",0
"Nhamatanda","Mar","Obitos","LR","RMUS",1,3,3,0.240880227829262,157.492088274811,"high",-2
"Beira","Apr","Testados","LR","NEP_FISICO",5163,5601,1.08483439860546,1.04439150244942,1.12685988918824,"high",-0.0848343986054619
"Beira","Feb","Testados","LR","NEP_FISICO",1532,4903,3.20039164490862,3.02132702896123,3.39155383459355,"low",-2.20039164490862
"Beira","Jul","Testados","LR","NEP_FISICO",3538,5105,1.44290559638214,1.38207541120134,1.50653973576264,"low",-0.442905596382137
"Beira","Jun","Testados","LR","NEP_FISICO",4116,5031,1.22230320699708,1.17274155125737,1.2740138836926,"medium",-0.222303206997085
"Beira","Mar","Testados","LR","NEP_FISICO",2130,5232,2.45633802816901,2.3352064329521,2.58445234542883,"low",-1.45633802816901
"Beira","May","Testados","LR","NEP_FISICO",4372,5250,1.20082342177493,1.15336855689252,1.25027705422803,"medium",-0.200823421774931
"Chimoio","Apr","Testados","LR","NEP_FISICO",3713,3446,0.928090492862914,0.885788069495836,0.972393455819717,"high",0.0719095071370859
"Chimoio","Feb","Testados","LR","NEP_FISICO",3110,3805,1.22347266881029,1.16654920436491,1.28324696384394,"medium",-0.223472668810289
"Chimoio","Jul","Testados","LR","NEP_FISICO",6180,8560,1.38511326860841,1.34037268183531,1.43140930880638,"low",-0.385113268608414
"Chimoio","Jun","Testados","LR","NEP_FISICO",9235,9958,1.07828911748782,1.04808014105322,1.10937719631396,"high",-0.0782891174878181
"Chimoio","Mar","Testados","LR","NEP_FISICO",3510,5956,1.6968660968661,1.62727493375943,1.76963377406229,"low",-0.696866096866097
"Chimoio","May","Testados","LR","NEP_FISICO",9479,11511,1.21436860428315,1.18169842008615,1.24796434291049,"medium",-0.214368604283152
"Dondo","Apr","Testados","LR","NEP_FISICO",4868,9757,2.00431388660641,1.93635026583912,2.07486889834341,"low",-1.00431388660641
"Dondo","Feb","Testados","LR","NEP_FISICO",3207,5070,1.58091674462114,1.51222826580719,1.65290875166753,"low",-0.580916744621141
"Dondo","Jul","Testados","LR","NEP_FISICO",3249,5829,1.79409048938135,1.71843310736798,1.87332601364642,"low",-0.794090489381348
"Dondo","Jun","Testados","LR","NEP_FISICO",2785,5536,1.98779174147217,1.89896257838118,2.08113626899974,"low",-0.987791741472172
"Dondo","Mar","Testados","LR","NEP_FISICO",2612,6024,2.3062787136294,2.20240169615094,2.41556322152895,"low",-1.3062787136294
"Dondo","May","Testados","LR","NEP_FISICO",3829,8750,2.28519195612431,2.19977636563419,2.3742610651724,"low",-1.28519195612431
"Gondola","Apr","Testados","LR","NEP_FISICO",5394,8030,1.48869113830182,1.43801974555946,1.54123849079696,"low",-0.488691138301817
"Gondola","Feb","Testados","LR","NEP_FISICO",2355,7606,3.22972399150743,3.08342481562486,3.38392699313599,"low",-2.22972399150743
"Gondola","Jul","Testados","LR","NEP_FISICO",3566,8022,2.24957936062815,2.16229073011837,2.3407442221581,"low",-1.24957936062815
"Gondola","Jun","Testados","LR","NEP_FISICO",3682,8387,2.2778381314503,2.19099931518302,2.36846750067115,"low",-1.2778381314503
"Gondola","Mar","Testados","LR","NEP_FISICO",2813,5808,2.06469960895841,1.97345732135579,2.16054447400973,"low",-1.06469960895841
"Gondola","May","Testados","LR","NEP_FISICO",6519,11383,1.74612670655008,1.69362014937335,1.80037466758367,"low",-0.746126706550084
"Manica","Apr","Testados","LR","NEP_FISICO",11004,12318,1.11941112322792,1.09091007953124,1.14866747313912,"high",-0.119411123227917
"Manica","Jul","Testados","LR","NEP_FISICO",3352,6634,1.9791169451074,1.89830865242222,2.06365991712465,"low",-0.979116945107399
"Manica","Mar","Testados","LR","NEP_FISICO",3350,3251,0.97044776119403,0.924447998545612,1.01872743919483,"high",0.0295522388059701
"Manica","May","Testados","LR","NEP_FISICO",5977,9891,1.65484356700686,1.60238554663591,1.70912791730976,"low",-0.65484356700686
"Muanza","Apr","Testados","LR","NEP_FISICO",1080,1348,1.24814814814815,1.15127927689356,1.35341351446513,"medium",-0.248148148148148
"Muanza","Jul","Testados","LR","NEP_FISICO",392,689,1.75765306122449,1.55042171029194,1.99479565969592,"low",-0.75765306122449
"Muanza","Jun","Testados","LR","NEP_FISICO",787,1055,1.34053367217281,1.22115637714968,1.4720529041429,"low",-0.340533672172808
"Muanza","Mar","Testados","LR","NEP_FISICO",723,868,1.20055325034578,1.08647576096172,1.32691409778593,"high",-0.200553250345781
"Muanza","May","Testados","LR","NEP_FISICO",655,1093,1.66870229007634,1.51327773817135,1.84121121335429,"low",-0.668702290076336
"Nhamatanda","Apr","Testados","LR","NEP_FISICO",3753,3774,1.00559552358114,0.960916395311545,1.05235358238456,"high",-0.00559552358113509
"Nhamatanda","Feb","Testados","LR","NEP_FISICO",1876,2324,1.23880597014925,1.16518812626243,1.31720737834599,"medium",-0.238805970149254
"Nhamatanda","Jul","Testados","LR","NEP_FISICO",2722,2342,0.860396767083027,0.813809320032026,0.909598312152224,"high",0.139603232916973
"Nhamatanda","Jun","Testados","LR","NEP_FISICO",2710,3443,1.27047970479705,1.20776442193976,1.33655367717203,"low",-0.270479704797048
"Nhamatanda","Mar","Testados","LR","NEP_FISICO",2195,2111,0.961731207289294,0.905522727090631,1.02141062321551,"high",0.0382687927107061
"Nhamatanda","May","Testados","LR","NEP_FISICO",3242,3667,1.13109191856878,1.07859643772434,1.18618352901917,"high",-0.131091918568785
"Beira","Apr","Positivos","LR","NEP_FISICO",799,859,1.07509386733417,0.97521911299377,1.18530018870499,"high",-0.0750938673341677
"Beira","Feb","Positivos","LR","NEP_FISICO",288,776,2.69444444444444,2.35060337409663,3.09543319263479,"low",-1.69444444444444
"Beira","Jul","Positivos","LR","NEP_FISICO",578,878,1.51903114186851,1.36607952254694,1.69010629500279,"low",-0.519031141868512
"Beira","Jun","Positivos","LR","NEP_FISICO",1004,1274,1.26892430278884,1.16726983500357,1.37971945754826,"medium",-0.268924302788845
"Beira","Mar","Positivos","LR","NEP_FISICO",312,980,3.14102564102564,2.76247241552621,3.57934966873144,"low",-2.14102564102564
"Beira","May","Positivos","LR","NEP_FISICO",856,1076,1.25700934579439,1.14801680375078,1.37667579659543,"medium",-0.257009345794392
"Chimoio","Apr","Positivos","LR","NEP_FISICO",5399,8908,1.64993517318022,1.59491057504666,1.70697818808436,"low",-0.649935173180219
"Chimoio","Feb","Positivos","LR","NEP_FISICO",7030,7587,1.07923186344239,1.04463875888667,1.11498173246884,"high",-0.0792318634423898
"Chimoio","Jul","Positivos","LR","NEP_FISICO",2121,3148,1.48420556341348,1.40424631532811,1.56895297410979,"low",-0.484205563413484
"Chimoio","Jun","Positivos","LR","NEP_FISICO",4010,4244,1.05835411471322,1.01340390334603,1.10531284551602,"high",-0.058354114713217
"Chimoio","Mar","Positivos","LR","NEP_FISICO",4407,6861,1.5568413886998,1.4988161267823,1.61723984188968,"low",-0.556841388699796
"Chimoio","May","Positivos","LR","NEP_FISICO",4051,5530,1.36509503826216,1.31063103400836,1.42191313920007,"low",-0.365095038262158
"Dondo","Apr","Positivos","LR","NEP_FISICO",1464,4174,2.85109289617486,2.68565071742634,3.02803829094588,"low",-1.85109289617486
"Dondo","Feb","Positivos","LR","NEP_FISICO",1445,2656,1.83806228373702,1.72333666925745,1.96103119319855,"low",-0.838062283737024
"Dondo","Jul","Positivos","LR","NEP_FISICO",1338,2248,1.68011958146487,1.5694746847661,1.79909861002221,"low",-0.680119581464873
"Dondo","Jun","Positivos","LR","NEP_FISICO",1236,2576,2.08414239482201,1.94672072405055,2.23218631383439,"low",-1.08414239482201
"Dondo","Mar","Positivos","LR","NEP_FISICO",847,1959,2.31286894923259,2.13266445992211,2.50996069803966,"low",-1.31286894923259
"Dondo","May","Positivos","LR","NEP_FISICO",1591,3052,1.91829038340666,1.80488285070525,2.03942343996225,"low",-0.918290383406662
"Gondola","Apr","Positivos","LR","NEP_FISICO",4080,4996,1.22450980392157,1.17466370874283,1.27652660395099,"medium",-0.224509803921569
"Gondola","Feb","Positivos","LR","NEP_FISICO",1879,5332,2.83767961681746,2.69180501017711,2.99246327587518,"low",-1.83767961681746
"Gondola","Jul","Positivos","LR","NEP_FISICO",2781,3924,1.41100323624595,1.34374606493481,1.48177752664113,"low",-0.411003236245955
"Gondola","Jun","Positivos","LR","NEP_FISICO",4033,4767,1.18199851227374,1.13322009975222,1.23292211661714,"medium",-0.181998512273742
"Gondola","Mar","Positivos","LR","NEP_FISICO",1927,3475,1.80332122470161,1.70517960648137,1.90754127612196,"low",-0.803321224701609
"Gondola","May","Positivos","LR","NEP_FISICO",5168,5302,1.02592879256966,0.98717978055505,1.06620382835125,"high",-0.0259287925696594
"Manica","Apr","Positivos","LR","NEP_FISICO",6999,8074,1.1535933704815,1.11711267326016,1.19128721704019,"medium",-0.153593370481497
"Manica","Jul","Positivos","LR","NEP_FISICO",1275,4041,3.16941176470588,2.97527158304893,3.37799409398658,"low",-2.16941176470588
"Manica","Mar","Positivos","LR","NEP_FISICO",4050,8229,2.03185185185185,1.95658947379886,2.11026486942194,"low",-1.03185185185185
"Manica","May","Positivos","LR","NEP_FISICO",3270,6943,2.12324159021407,2.03648912584749,2.21403630222521,"low",-1.12324159021407
"Muanza","Apr","Positivos","LR","NEP_FISICO",481,593,1.23284823284823,1.09129449156594,1.39331414940102,"high",-0.232848232848233
"Muanza","Jul","Positivos","LR","NEP_FISICO",184,295,1.60326086956522,1.32914454610336,1.93802398951906,"low",-0.603260869565217
"Muanza","Jun","Positivos","LR","NEP_FISICO",475,647,1.36210526315789,1.20810509078279,1.53660145452577,"low",-0.362105263157895
"Muanza","Mar","Positivos","LR","NEP_FISICO",334,394,1.17964071856287,1.01702382173259,1.36889573897415,"high",-0.179640718562874
"Muanza","May","Positivos","LR","NEP_FISICO",296,612,2.06756756756757,1.79674714242688,2.38343096249478,"low",-1.06756756756757
"Nhamatanda","Apr","Positivos","LR","NEP_FISICO",1105,1139,1.03076923076923,0.948062378340028,1.12072117309815,"high",-0.0307692307692308
"Nhamatanda","Feb","Positivos","LR","NEP_FISICO",55,60,1.09090909090909,0.743928337391291,1.60246989119924,"high",-0.0909090909090909
"Nhamatanda","Jul","Positivos","LR","NEP_FISICO",1093,1002,0.916742909423605,0.840589484496833,0.999713232124344,"high",0.0832570905763952
"Nhamatanda","Jun","Positivos","LR","NEP_FISICO",1199,1488,1.24103419516264,1.14936201284752,1.34023194228264,"medium",-0.241034195162636
"Nhamatanda","Mar","Positivos","LR","NEP_FISICO",58,58,1,0.682792631737893,1.46457350814511,"high",0
"Nhamatanda","May","Positivos","LR","NEP_FISICO",1417,1563,1.1030345800988,1.02585762488368,1.18609454968341,"high",-0.1030345800988
"Beira","Apr","Tratados_ACTs","LR","NEP_FISICO",797,794,0.996235884567127,0.90184654079769,1.10049903739696,"high",0.00376411543287327
"Beira","Feb","Tratados_ACTs","LR","NEP_FISICO",285,760,2.66666666666667,2.32421181041455,3.06639900660676,"low",-1.66666666666667
"Beira","Jul","Tratados_ACTs","LR","NEP_FISICO",575,868,1.5095652173913,1.3569999503143,1.68026913053657,"low",-0.509565217391304
"Beira","Jun","Tratados_ACTs","LR","NEP_FISICO",995,1265,1.2713567839196,1.16910541692499,1.38284442724403,"medium",-0.271356783919598
"Beira","Mar","Tratados_ACTs","LR","NEP_FISICO",305,595,1.95081967213115,1.69645734315724,2.24696625371846,"low",-0.950819672131147
"Beira","May","Tratados_ACTs","LR","NEP_FISICO",852,1099,1.28990610328638,1.17843666200175,1.41228902590691,"medium",-0.289906103286385
"Chimoio","Apr","Tratados_ACTs","LR","NEP_FISICO",5426,7824,1.44194618503502,1.39269226913832,1.49302334953173,"low",-0.441946185035017
"Chimoio","Feb","Tratados_ACTs","LR","NEP_FISICO",6703,7453,1.11189019841862,1.07565965164572,1.14935769619056,"high",-0.111890198418619
"Chimoio","Jul","Tratados_ACTs","LR","NEP_FISICO",1469,2253,1.53369639210347,1.43548965882566,1.6390022321862,"low",-0.533696392103472
"Chimoio","Jun","Tratados_ACTs","LR","NEP_FISICO",3984,3554,0.892068273092369,0.852385139328831,0.933571376197675,"high",0.107931726907631
"Chimoio","Mar","Tratados_ACTs","LR","NEP_FISICO",4034,6879,1.70525532969757,1.64000573796932,1.77327667305077,"low",-0.705255329697571
"Chimoio","May","Tratados_ACTs","LR","NEP_FISICO",3999,5027,1.25706426606652,1.20568589327135,1.31069691888412,"low",-0.257064266066517
"Dondo","Apr","Tratados_ACTs","LR","NEP_FISICO",1457,4162,2.85655456417296,2.69044907825437,3.03423727823135,"low",-1.85655456417296
"Dondo","Feb","Tratados_ACTs","LR","NEP_FISICO",1433,1004,0.70062805303559,0.645687216624087,0.760019925944634,"low",0.29937194696441
"Dondo","Jul","Tratados_ACTs","LR","NEP_FISICO",1336,2229,1.66841317365269,1.55831635487002,1.78681404850058,"low",-0.668413173652695
"Dondo","Jun","Tratados_ACTs","LR","NEP_FISICO",1242,3140,2.52818035426731,2.366652064318,2.70202166425257,"low",-1.52818035426731
"Dondo","Mar","Tratados_ACTs","LR","NEP_FISICO",844,1955,2.31635071090047,2.13560615594741,2.51406347008225,"low",-1.31635071090047
"Dondo","May","Tratados_ACTs","LR","NEP_FISICO",1682,2096,1.2461355529132,1.16813290073922,1.32949974512606,"medium",-0.246135552913199
"Gondola","Apr","Tratados_ACTs","LR","NEP_FISICO",4422,5496,1.24287652645862,1.1944092024967,1.29336584702238,"medium",-0.242876526458616
"Gondola","Feb","Tratados_ACTs","LR","NEP_FISICO",3282,5332,1.62461913467398,1.55519197267316,1.69733831664565,"low",-0.624619134673979
"Gondola","Jul","Tratados_ACTs","LR","NEP_FISICO",2784,3893,1.39834770114943,1.33160473315575,1.46858195220542,"low",-0.398347701149425
"Gondola","Jun","Tratados_ACTs","LR","NEP_FISICO",4105,4700,1.14494518879415,1.09776109256586,1.19419300987179,"high",-0.144945188794153
"Gondola","Mar","Tratados_ACTs","LR","NEP_FISICO",2581,3473,1.34560247965905,1.27840874898096,1.416465031331,"low",-0.345602479659047
"Gondola","May","Tratados_ACTs","LR","NEP_FISICO",5362,5302,0.988810145468109,0.951798757200047,1.02725865393279,"high",0.0111898545318911
"Manica","Apr","Tratados_ACTs","LR","NEP_FISICO",6772,8170,1.20643827525103,1.16805503014874,1.24611315459554,"medium",-0.206438275251034
"Manica","Jul","Tratados_ACTs","LR","NEP_FISICO",1260,4005,3.17857142857143,2.98281404168713,3.38897999442192,"low",-2.17857142857143
"Manica","Mar","Tratados_ACTs","LR","NEP_FISICO",4024,8182,2.03330019880716,1.95775388627376,2.11201935936141,"low",-1.03330019880716
"Manica","May","Tratados_ACTs","LR","NEP_FISICO",3522,6822,1.93696763202726,1.85949992612169,2.01793080567232,"low",-0.936967632027257
"Muanza","Apr","Tratados_ACTs","LR","NEP_FISICO",479,566,1.18162839248434,1.04439203772693,1.33733054640746,"high",-0.181628392484342
"Muanza","Jul","Tratados_ACTs","LR","NEP_FISICO",151,295,1.95364238410596,1.60034320485948,2.39300982147812,"low",-0.95364238410596
"Muanza","Jun","Tratados_ACTs","LR","NEP_FISICO",475,648,1.36421052631579,1.21002205049259,1.53891686056686,"low",-0.364210526315789
"Muanza","Mar","Tratados_ACTs","LR","NEP_FISICO",328,366,1.11585365853659,0.958725808578142,1.29915365338438,"high",-0.115853658536585
"Muanza","May","Tratados_ACTs","LR","NEP_FISICO",222,612,2.75675675675676,2.36050937794089,3.22899716610981,"low",-1.75675675675676
"Nhamatanda","Apr","Tratados_ACTs","LR","NEP_FISICO",1082,1086,1.00369685767098,0.921804863332445,1.09286771490535,"high",-0.00369685767097967
"Nhamatanda","Feb","Tratados_ACTs","LR","NEP_FISICO",610,709,1.16229508196721,1.04158202953163,1.29729535474392,"high",-0.162295081967213
"Nhamatanda","Jul","Tratados_ACTs","LR","NEP_FISICO",1017,935,0.91937069813176,0.840346892817369,1.00573967335222,"high",0.0806293018682399
"Nhamatanda","Jun","Tratados_ACTs","LR","NEP_FISICO",1112,1488,1.33812949640288,1.23726574237477,1.44754011062933,"low",-0.338129496402878
"Nhamatanda","Mar","Tratados_ACTs","LR","NEP_FISICO",504,525,1.04166666666667,0.920058693655308,1.17944244815486,"high",-0.0416666666666667
"Nhamatanda","May","Tratados_ACTs","LR","NEP_FISICO",1394,1566,1.12338593974175,1.04449599661997,1.20832798285952,"high",-0.12338593974175
"Gondola","Jul","Obitos","LR","NEP_FISICO",3,2,0.666666666666667,0.0556818890072143,5.81975657896078,"high",0.333333333333333
"Gondola","Jun","Obitos","LR","NEP_FISICO",4,1,0.25,0.00507640309029595,2.52631610868175,"high",0.75
"Gondola","Mar","Obitos","LR","NEP_FISICO",6,3,0.5,0.0809112102399224,2.34118449087655,"high",0.5
"Manica","Apr","Obitos","LR","NEP_FISICO",1,1,1,0.0127393670836666,78.4968353162628,"high",0
"Manica","May","Obitos","LR","NEP_FISICO",2,1,0.5,0.00847498034911153,9.60452988472286,"high",0.5
"Muanza","May","Obitos","LR","NEP_FISICO",4,3,0.75,0.109863474663122,4.43325988918238,"high",0.25
"Nhamatanda","Apr","Obitos","LR","NEP_FISICO",1,4,4,0.395833283318533,196.989872989321,"high",-3
"Nhamatanda","Mar","Obitos","LR","NEP_FISICO",1,3,3,0.240880227829262,157.492088274811,"high",-2
"Beira","Apr","Testados","LR","SIS_MA",5163,5601,1.08483439860546,1.04439150244942,1.12685988918824,"high",-0.0848343986054619
"Beira","Feb","Testados","LR","SIS_MA",1532,4903,3.20039164490862,3.02132702896123,3.39155383459355,"low",-2.20039164490862
"Beira","Jul","Testados","LR","SIS_MA",3538,5105,1.44290559638214,1.38207541120134,1.50653973576264,"low",-0.442905596382137
"Beira","Jun","Testados","LR","SIS_MA",4116,5031,1.22230320699708,1.17274155125737,1.2740138836926,"medium",-0.222303206997085
"Beira","Mar","Testados","LR","SIS_MA",2130,5232,2.45633802816901,2.3352064329521,2.58445234542883,"low",-1.45633802816901
"Beira","May","Testados","LR","SIS_MA",4372,5250,1.20082342177493,1.15336855689252,1.25027705422803,"medium",-0.200823421774931
"Chimoio","Apr","Testados","LR","SIS_MA",3713,3446,0.928090492862914,0.885788069495836,0.972393455819717,"high",0.0719095071370859
"Chimoio","Feb","Testados","LR","SIS_MA",3110,3805,1.22347266881029,1.16654920436491,1.28324696384394,"medium",-0.223472668810289
"Chimoio","Jul","Testados","LR","SIS_MA",6180,8560,1.38511326860841,1.34037268183531,1.43140930880638,"low",-0.385113268608414
"Chimoio","Jun","Testados","LR","SIS_MA",9235,9968,1.07937195452084,1.04913991601875,1.11048366035497,"high",-0.0793719545208446
"Chimoio","Mar","Testados","LR","SIS_MA",3510,5956,1.6968660968661,1.62727493375943,1.76963377406229,"low",-0.696866096866097
"Chimoio","May","Testados","LR","SIS_MA",9479,11511,1.21436860428315,1.18169842008615,1.24796434291049,"medium",-0.214368604283152
"Dondo","Apr","Testados","LR","SIS_MA",4868,9757,2.00431388660641,1.93635026583912,2.07486889834341,"low",-1.00431388660641
"Dondo","Feb","Testados","LR","SIS_MA",3207,4967,1.54879950109136,1.48123785744339,1.61961619669441,"low",-0.548799501091363
"Dondo","Jul","Testados","LR","SIS_MA",3249,5829,1.79409048938135,1.71843310736798,1.87332601364642,"low",-0.794090489381348
"Dondo","Jun","Testados","LR","SIS_MA",2785,5536,1.98779174147217,1.89896257838118,2.08113626899974,"low",-0.987791741472172
"Dondo","Mar","Testados","LR","SIS_MA",2612,6024,2.3062787136294,2.20240169615094,2.41556322152895,"low",-1.3062787136294
"Dondo","May","Testados","LR","SIS_MA",3829,8750,2.28519195612431,2.19977636563419,2.3742610651724,"low",-1.28519195612431
"Gondola","Apr","Testados","LR","SIS_MA",5394,8030,1.48869113830182,1.43801974555946,1.54123849079696,"low",-0.488691138301817
"Gondola","Feb","Testados","LR","SIS_MA",2355,7603,3.22845010615711,3.08220183232083,3.38259958200455,"low",-2.22845010615711
"Gondola","Jul","Testados","LR","SIS_MA",3566,8039,2.2543466068424,2.16690137583388,2.34567453706256,"low",-1.2543466068424
"Gondola","Jun","Testados","LR","SIS_MA",3682,7887,2.14204236827811,2.05959705747383,2.22809981970842,"low",-1.14204236827811
"Gondola","Mar","Testados","LR","SIS_MA",2813,5808,2.06469960895841,1.97345732135579,2.16054447400973,"low",-1.06469960895841
"Gondola","May","Testados","LR","SIS_MA",6519,11183,1.71544715447154,1.66369591397191,1.76891709193407,"low",-0.715447154471545
"Manica","Apr","Testados","LR","SIS_MA",11004,12902,1.17248273355144,1.14294999268365,1.20279400675032,"medium",-0.172482733551436
"Manica","Feb","Testados","LR","SIS_MA",3581,3759,1.04970678581402,1.00247968000318,1.09917287339555,"high",-0.0497067858140184
"Manica","Jul","Testados","LR","SIS_MA",626,2068,3.30351437699681,3.01948518311481,3.61825619720223,"low",-2.30351437699681
"Manica","Jun","Testados","LR","SIS_MA",3677,2908,0.790862115855317,0.753057450609178,0.830506607858662,"medium",0.209137884144683
"Manica","Mar","Testados","LR","SIS_MA",3350,2364,0.705671641791045,0.669198786564742,0.744042165362632,"low",0.294328358208955
"Manica","May","Testados","LR","SIS_MA",5977,6865,1.14856951647984,1.10926444251753,1.18929212907433,"medium",-0.148569516479839
"Muanza","Apr","Testados","LR","SIS_MA",1080,1348,1.24814814814815,1.15127927689356,1.35341351446513,"medium",-0.248148148148148
"Muanza","Feb","Testados","LR","SIS_MA",678,704,1.03834808259587,0.933085032605591,1.15554898879364,"high",-0.0383480825958702
"Muanza","Jul","Testados","LR","SIS_MA",392,689,1.75765306122449,1.55042171029194,1.99479565969592,"low",-0.75765306122449
"Muanza","Jun","Testados","LR","SIS_MA",787,1055,1.34053367217281,1.22115637714968,1.4720529041429,"low",-0.340533672172808
"Muanza","Mar","Testados","LR","SIS_MA",723,744,1.02904564315353,0.927676015005694,1.14153669121032,"high",-0.029045643153527
"Muanza","May","Testados","LR","SIS_MA",939,1372,1.46112886048988,1.34374995129691,1.58928904058586,"low",-0.461128860489883
"Nhamatanda","Feb","Testados","LR","SIS_MA",124,135,1.08870967741935,0.846809859742923,1.40069434840678,"high",-0.0887096774193548
"Nhamatanda","Jul","Testados","LR","SIS_MA",159,167,1.05031446540881,0.840191735619206,1.31340431344221,"high",-0.050314465408805
"Nhamatanda","Jun","Testados","LR","SIS_MA",2710,3443,1.27047970479705,1.20776442193976,1.33655367717203,"low",-0.270479704797048
"Nhamatanda","Mar","Testados","LR","SIS_MA",197,185,0.939086294416244,0.764165196728197,1.15364968945816,"high",0.0609137055837563
"Nhamatanda","May","Testados","LR","SIS_MA",3242,3667,1.13109191856878,1.07859643772434,1.18618352901917,"high",-0.131091918568785
"Beira","Apr","Positivos","LR","SIS_MA",799,859,1.07509386733417,0.97521911299377,1.18530018870499,"high",-0.0750938673341677
"Beira","Feb","Positivos","LR","SIS_MA",288,776,2.69444444444444,2.35060337409663,3.09543319263479,"low",-1.69444444444444
"Beira","Jul","Positivos","LR","SIS_MA",578,878,1.51903114186851,1.36607952254694,1.69010629500279,"low",-0.519031141868512
"Beira","Jun","Positivos","LR","SIS_MA",1004,1274,1.26892430278884,1.16726983500357,1.37971945754826,"medium",-0.268924302788845
"Beira","Mar","Positivos","LR","SIS_MA",312,610,1.95512820512821,1.70301017654466,2.24814183819708,"low",-0.955128205128205
"Beira","May","Positivos","LR","SIS_MA",856,1076,1.25700934579439,1.14801680375078,1.37667579659543,"medium",-0.257009345794392
"Chimoio","Apr","Positivos","LR","SIS_MA",5399,8871,1.64308205223189,1.58824303524367,1.69993335704203,"low",-0.643082052231895
"Chimoio","Feb","Positivos","LR","SIS_MA",7030,7443,1.05874822190612,1.024654791344,1.09398436552885,"high",-0.0587482219061166
"Chimoio","Jul","Positivos","LR","SIS_MA",2121,3148,1.48420556341348,1.40424631532811,1.56895297410979,"low",-0.484205563413484
"Chimoio","Jun","Positivos","LR","SIS_MA",4010,4244,1.05835411471322,1.01340390334603,1.10531284551602,"high",-0.058354114713217
"Chimoio","Mar","Positivos","LR","SIS_MA",4407,6820,1.547538007715,1.48979198000277,1.60764702462502,"low",-0.547538007714999
"Chimoio","May","Positivos","LR","SIS_MA",4051,5530,1.36509503826216,1.31063103400836,1.42191313920007,"low",-0.365095038262158
"Dondo","Apr","Positivos","LR","SIS_MA",1464,4174,2.85109289617486,2.68565071742634,3.02803829094588,"low",-1.85109289617486
"Dondo","Feb","Positivos","LR","SIS_MA",1445,2002,1.38546712802768,1.29418226429234,1.48347092120905,"low",-0.385467128027682
"Dondo","Jul","Positivos","LR","SIS_MA",1338,2248,1.68011958146487,1.5694746847661,1.79909861002221,"low",-0.680119581464873
"Dondo","Jun","Positivos","LR","SIS_MA",1236,2576,2.08414239482201,1.94672072405055,2.23218631383439,"low",-1.08414239482201
"Dondo","Mar","Positivos","LR","SIS_MA",847,1959,2.31286894923259,2.13266445992211,2.50996069803966,"low",-1.31286894923259
"Dondo","May","Positivos","LR","SIS_MA",1591,3052,1.91829038340666,1.80488285070525,2.03942343996225,"low",-0.918290383406662
"Gondola","Apr","Positivos","LR","SIS_MA",4080,4996,1.22450980392157,1.17466370874283,1.27652660395099,"medium",-0.224509803921569
"Gondola","Feb","Positivos","LR","SIS_MA",1879,5332,2.83767961681746,2.69180501017711,2.99246327587518,"low",-1.83767961681746
"Gondola","Jul","Positivos","LR","SIS_MA",2781,3930,1.41316073354908,1.3458219436312,1.48402040061973,"low",-0.413160733549083
"Gondola","Jun","Positivos","LR","SIS_MA",4033,4767,1.18199851227374,1.13322009975222,1.23292211661714,"medium",-0.181998512273742
"Gondola","Mar","Positivos","LR","SIS_MA",1927,3475,1.80332122470161,1.70517960648137,1.90754127612196,"low",-0.803321224701609
"Gondola","May","Positivos","LR","SIS_MA",5168,5302,1.02592879256966,0.98717978055505,1.06620382835125,"high",-0.0259287925696594
"Manica","Apr","Positivos","LR","SIS_MA",6999,8157,1.16545220745821,1.1286833384516,1.20344239736696,"medium",-0.165452207458208
"Manica","Feb","Positivos","LR","SIS_MA",2874,3031,1.05462769659012,1.00182910562563,1.11022835171078,"high",-0.0546276965901183
"Manica","Jul","Positivos","LR","SIS_MA",337,1311,3.89020771513353,3.44869654442336,4.39799509565672,"low",-2.89020771513353
"Manica","Jun","Positivos","LR","SIS_MA",2659,1937,0.728469349379466,0.686689124746418,0.772685837902229,"low",0.271530650620534
"Manica","Mar","Positivos","LR","SIS_MA",2207,31,0.0140462165835976,0.00952019054253429,0.0199961322152688,"low",0.985953783416402
"Manica","May","Positivos","LR","SIS_MA",3270,4509,1.37889908256881,1.31790441376305,1.44283424072673,"low",-0.378899082568807
"Muanza","Jul","Positivos","LR","SIS_MA",184,295,1.60326086956522,1.32914454610336,1.93802398951906,"low",-0.603260869565217
"Muanza","Jun","Positivos","LR","SIS_MA",475,647,1.36210526315789,1.20810509078279,1.53660145452577,"low",-0.362105263157895
"Muanza","May","Positivos","LR","SIS_MA",499,814,1.6312625250501,1.45744606529436,1.82722906922634,"low",-0.6312625250501
"Nhamatanda","Jul","Positivos","LR","SIS_MA",45,48,1.06666666666667,0.695297595520978,1.6390076396029,"high",-0.0666666666666667
"Nhamatanda","Jun","Positivos","LR","SIS_MA",1199,1488,1.24103419516264,1.14936201284752,1.34023194228264,"medium",-0.241034195162636
"Nhamatanda","May","Positivos","LR","SIS_MA",1417,1563,1.1030345800988,1.02585762488368,1.18609454968341,"high",-0.1030345800988
"Beira","Apr","Tratados_ACTs","LR","SIS_MA",797,794,0.996235884567127,0.90184654079769,1.10049903739696,"high",0.00376411543287327
"Beira","Feb","Tratados_ACTs","LR","SIS_MA",285,760,2.66666666666667,2.32421181041455,3.06639900660676,"low",-1.66666666666667
"Beira","Jul","Tratados_ACTs","LR","SIS_MA",575,863,1.50086956521739,1.34901008574156,1.67079336456307,"low",-0.500869565217391
"Beira","Jun","Tratados_ACTs","LR","SIS_MA",995,1265,1.2713567839196,1.16910541692499,1.38284442724403,"medium",-0.271356783919598
"Beira","Mar","Tratados_ACTs","LR","SIS_MA",305,595,1.95081967213115,1.69645734315724,2.24696625371846,"low",-0.950819672131147
"Beira","May","Tratados_ACTs","LR","SIS_MA",852,1099,1.28990610328638,1.17843666200175,1.41228902590691,"medium",-0.289906103286385
"Chimoio","Apr","Tratados_ACTs","LR","SIS_MA",5426,7824,1.44194618503502,1.39269226913832,1.49302334953173,"low",-0.441946185035017
"Chimoio","Feb","Tratados_ACTs","LR","SIS_MA",6703,7223,1.07757720423691,1.04220206903659,1.11416459937609,"high",-0.0775772042369089
"Chimoio","Jul","Tratados_ACTs","LR","SIS_MA",1469,2253,1.53369639210347,1.43548965882566,1.6390022321862,"low",-0.533696392103472
"Chimoio","Jun","Tratados_ACTs","LR","SIS_MA",3984,3554,0.892068273092369,0.852385139328831,0.933571376197675,"high",0.107931726907631
"Chimoio","Mar","Tratados_ACTs","LR","SIS_MA",4034,6879,1.70525532969757,1.64000573796932,1.77327667305077,"low",-0.705255329697571
"Chimoio","May","Tratados_ACTs","LR","SIS_MA",3999,5127,1.28207051762941,1.22989595079959,1.33652959459741,"low",-0.282070517629407
"Dondo","Apr","Tratados_ACTs","LR","SIS_MA",1457,4162,2.85655456417296,2.69044907825437,3.03423727823135,"low",-1.85655456417296
"Dondo","Feb","Tratados_ACTs","LR","SIS_MA",1433,1966,1.37194696441033,1.2809994004767,1.46962434903539,"low",-0.371946964410328
"Dondo","Jul","Tratados_ACTs","LR","SIS_MA",1336,2229,1.66841317365269,1.55831635487002,1.78681404850058,"low",-0.668413173652695
"Dondo","Jun","Tratados_ACTs","LR","SIS_MA",1242,3140,2.52818035426731,2.366652064318,2.70202166425257,"low",-1.52818035426731
"Dondo","Mar","Tratados_ACTs","LR","SIS_MA",844,1955,2.31635071090047,2.13560615594741,2.51406347008225,"low",-1.31635071090047
"Dondo","May","Tratados_ACTs","LR","SIS_MA",1682,3186,1.89417360285375,1.78495245349321,2.01062905792518,"low",-0.894173602853746
"Gondola","Apr","Tratados_ACTs","LR","SIS_MA",4422,5006,1.13206693803709,1.08697220322107,1.17906258879139,"high",-0.132066938037087
"Gondola","Feb","Tratados_ACTs","LR","SIS_MA",2538,4763,1.87667454688731,1.78804145207828,1.9700533242944,"low",-0.876674546887313
"Gondola","Jul","Tratados_ACTs","LR","SIS_MA",2784,3899,1.40050287356322,1.33367837732815,1.47082240278819,"low",-0.400502873563218
"Gondola","Jun","Tratados_ACTs","LR","SIS_MA",4105,4620,1.12545676004872,1.07888989058688,1.17406440795755,"high",-0.125456760048721
"Gondola","Mar","Tratados_ACTs","LR","SIS_MA",2581,3473,1.34560247965905,1.27840874898096,1.416465031331,"low",-0.345602479659047
"Gondola","May","Tratados_ACTs","LR","SIS_MA",5362,5302,0.988810145468109,0.951798757200047,1.02725865393279,"high",0.0111898545318911
"Manica","Apr","Tratados_ACTs","LR","SIS_MA",6772,5883,0.868724158298878,0.838759516586036,0.899739918263086,"medium",0.131275841701122
"Manica","Feb","Tratados_ACTs","LR","SIS_MA",2872,2967,1.03307799442897,0.981080307973103,1.0878433791943,"high",-0.0330779944289694
"Manica","Jul","Tratados_ACTs","LR","SIS_MA",337,1283,3.80712166172107,3.37408353455083,4.30521325333657,"low",-2.80712166172107
"Manica","Jun","Tratados_ACTs","LR","SIS_MA",2656,1844,0.694277108433735,0.653877305791798,0.73705363170569,"low",0.305722891566265
"Manica","May","Tratados_ACTs","LR","SIS_MA",3522,5007,1.42163543441227,1.36138544641102,1.48467297439689,"low",-0.421635434412266
"Muanza","Jul","Tratados_ACTs","LR","SIS_MA",151,295,1.95364238410596,1.60034320485948,2.39300982147812,"low",-0.95364238410596
"Muanza","Jun","Tratados_ACTs","LR","SIS_MA",475,648,1.36421052631579,1.21002205049259,1.53891686056686,"low",-0.364210526315789
"Muanza","May","Tratados_ACTs","LR","SIS_MA",424,814,1.91981132075472,1.70507375947911,2.16405128402754,"low",-0.919811320754717
"Nhamatanda","Feb","Tratados_ACTs","LR","SIS_MA",610,709,1.16229508196721,1.04158202953163,1.29729535474392,"high",-0.162295081967213
"Nhamatanda","Jul","Tratados_ACTs","LR","SIS_MA",44,52,1.18181818181818,0.775768063171561,1.80764533102139,"high",-0.181818181818182
"Nhamatanda","Jun","Tratados_ACTs","LR","SIS_MA",1112,1488,1.33812949640288,1.23726574237477,1.44754011062933,"low",-0.338129496402878
"Nhamatanda","Mar","Tratados_ACTs","LR","SIS_MA",504,756,1.5,1.33833634886391,1.68230791425396,"low",-0.5
"Nhamatanda","May","Tratados_ACTs","LR","SIS_MA",1394,1566,1.12338593974175,1.04449599661997,1.20832798285952,"high",-0.12338593974175
"Gondola","Apr","Obitos","LR","SIS_MA",4,2,0.5,0.045229012149485,3.48877165297535,"high",0.5
"Gondola","Feb","Obitos","LR","SIS_MA",5,2,0.4,0.0380901931073364,2.44327878903494,"high",0.6
"Gondola","Jul","Obitos","LR","SIS_MA",3,2,0.666666666666667,0.0556818890072143,5.81975657896078,"high",0.333333333333333
"Gondola","Jun","Obitos","LR","SIS_MA",4,1,0.25,0.00507640309029595,2.52631610868175,"high",0.75
"Gondola","Mar","Obitos","LR","SIS_MA",6,3,0.5,0.0809112102399224,2.34118449087655,"high",0.5
"Muanza","May","Obitos","LR","SIS_MA",4,3,0.75,0.109863474663122,4.43325988918238,"high",0.25
"Nhamatanda","Apr","Obitos","LR","SIS_MA",1,4,4,0.395833283318533,196.989872989321,"high",-3
"Nhamatanda","Jun","Obitos","LR","SIS_MA",1,1,1,0.0127393670836666,78.4968353162628,"high",0
"Nhamatanda","Mar","Obitos","LR","SIS_MA",1,3,3,0.240880227829262,157.492088274811,"high",-2
